node,gene,PWM,q-value,TF,RBP
1237_n2089,PABPC1,KSCMMMWTTTYYTTAWYC,0.0424692,False,True
251_n2929,PEBB_HUMAN.H11MO.0.C,NNWNTTTGTGGTTWN,0.00349163,True,False
2158_n1387,ZNF384_MA1125.1,TTTTTTTTTTGTWTT,0.00564899,True,False
362_n795,TYY1_HUMAN.H11MO.0.A,AARATGGCTGCHHH,2.78822e-06,True,False
1_n2143,RBMS3,DDWWAWWWTATATAT,0.0128694,False,True
557_n689,PRDM1_C2H2_1,DCKCTCTCTCTCTST,0.0423271,True,False
243_n2019,GATA1+TAL1_MA0140.2,WNNDNNNNNDATGAS,0.0300324,True,False
1772_n2139,ERR2_MOUSE.H11MO.0.A,CAAGGAYARMH,0.0273677,True,False
361_n2684,KLF15_HUMAN.H11MO.0.A,GKBCTCCACCCASYB,0.0223545,True,False
2170_n1681,PABPC1,GGARAAAAWTTTTKY,0.0326211,False,True
317_n847,SOX10_HUMAN.H11MO.0.B,GAACAATGGRHNNWH,0.00432509,True,False
1045_n1183,NFAC1_HUMAN.H11MO.0.B,DWDWVWMWGTTTCCTTAR,0.000295557,True,False
1196_n2182,KLF13_C2H2_1,CHCRCAGMCACACCC,0.0363353,True,False
333_n1928,ZN121_HUMAN.H11MO.0.C,CCTGGGCAACAGAGC,0.000238928,True,False
1303_n1989,ZNF384_MA1125.1,TTTTTTKDDDDDDNNNNN,1.6445e-05,True,False
1068_n1133,GATA1+TAL1_MA0140.2,NMDDTDRRAGCTAWR,0.0316173,True,False
1758_n470,SOX10_HUMAN.H11MO.0.B,GACAARGATKYYMWC,0.00954584,True,False
1646_n303,ZN554_HUMAN.H11MO.0.C,CWSAGYYYHNHNNN,0.0477879,True,False
1316_n2175,ZIM3_HUMAN.H11MO.0.C,NWDDYTHAACAGATW,0.0199724,True,False
374_n2191,ZN121_HUMAN.H11MO.0.C,GGGCAACARRRSHAR,0.00316919,True,False
729_n2650,MEF2A_HUMAN.H11MO.0.A,NWHADDDCYWRAAAT,0.00233101,True,False
1141_n13,COE1_HUMAN.H11MO.0.A,BNNNNRVAGTCCCCA,0.0289126,True,False
372_n140,HNF4A_HUMAN.H11MO.0.A,WNAGWNCAAAGTYC,8.4118e-09,True,False
1693_n2909,HXA1_HUMAN.H11MO.0.C,YCACCCATYMAYYHM,0.00682284,True,False
172_n1093,TEAD1_HUMAN.H11MO.0.A,NNNCWVAGGAATGTR,0.000422956,True,False
999_n2077,GATA1+TAL1_MA0140.2,ATCAKNWDNHHNNWY,0.0118669,True,False
1169_n419,ASCL1_HUMAN.H11MO.0.A,WTWCTCCTGTTHHHN,0.0431396,True,False
731_n1744,EGR1_HUMAN.H11MO.0.A,CBCSBBCCCRCCCW,0.0099725,True,False
1678_n1186,NANOG_HUMAN.H11MO.0.A,TNDTKBDWATGTAAA,0.00776139,True,False
273_n1424,ZNF384_MA1125.1,KKKKTTTTTTTTTTTYYY,0.000208191,True,False
1057_n2899,REL_HUMAN.H11MO.0.B,AWWAADDNHBYWGGGAAA,0.0271205,True,False
885_n2709,GFI1B_HUMAN.H11MO.0.A,NNNDGCWVAGATTK,0.000356064,True,False
2037_n894,U2AF2,TTYTTYCCMBHYHNW,0.00156619,False,True
454_n271,HOXA10_homeodomain_1,TTTTATGRSYTTDDD,0.0276586,True,False
874_n1112,OZF_HUMAN.H11MO.0.C,GGCTGCATAGTATTC,2.3729e-08,True,False
2104_n2562,BRAC_HUMAN.H11MO.0.A,DDSYCHCHCCYMHHH,0.034867,True,False
487_n2169,SPI1_ETS_1,HNRAAAWRRGGAAGT,0.00017628,True,False
1891_n2877,ZNF384_MA1125.1,AAAAAAAAAAAAAADNNN,0.0039127,True,False
1716_n254,EGR1_HUMAN.H11MO.0.A,SGSSSSSSSSSSSSVSSS,0.00125362,True,False
524_n397,KLF15_HUMAN.H11MO.0.A,NYCCCYTHCCCCMHHHHH,0.00223874,True,False
2134_n673,BC11A_HUMAN.H11MO.0.A,GRRARAGAAAGARRG,0.00615126,True,False
559_n1247,ZN121_HUMAN.H11MO.0.C,GTCTCGCTCTGTCGC,0.00223814,True,False
2091_n885,ELAVL2,TTTYTTCWWWWWTTT,0.0454647,False,True
1214_n1014,ZBTB6_HUMAN.H11MO.0.C,WBCTGGAGCTHHWND,0.00967208,True,False
1307_n746,ZNF384_MA1125.1,HYWWBVMRSCMWWAAAAA,0.0120769,True,False
1995_n1129,hnRNPLL,GTGTGTGTKTWTATA,0.0377647,False,True
164_n1459,ZN121_HUMAN.H11MO.0.C,GAGTCTYRCTCTGTTGCC,1.31945e-06,True,False
594_n1790,GFI1B_HUMAN.H11MO.0.A,RVAAATCASWGCHDD,1.23658e-06,True,False
1064_n2734,Zfp652.mouse_C2H2_1,DKVTTAACAGTTKNW,0.0221945,True,False
1708_n1931,FOXC1_forkhead_1,DDRATAAATAAATND,0.030081,True,False
588_n2353,COE1_HUMAN.H11MO.0.A,SCCCCCCAGGGSCCC,0.010617,True,False
1704_n1252,NFAC1_HUMAN.H11MO.0.B,NNNNBKKDWWTTTYCCCC,0.0109971,True,False
2063_n2825,ZN121_HUMAN.H11MO.0.C,TYRCTMTGTTGCCCA,4.06767e-08,True,False
1990_n1132,NR2F1_nuclearreceptor_2,TGAGGTCAGGAGTTC,0.0432792,True,False
1397_n1806,PIT1_HUMAN.H11MO.0.C,WTTTWRATGAWWWTT,0.03145,True,False
695_n990,EOMES_MA0800.1,NARGTGTGAAAAHNN,1.04775e-06,True,False
1572_n1357,E2F1_HUMAN.H11MO.0.A,RRSWGGCTGGGHRGR,0.0124118,True,False
1217_n916,SIX1_HUMAN.H11MO.0.A,GRAAWTTGAWMCYRD,0.00334126,True,False
517_n1438,EGR1_HUMAN.H11MO.0.A,NNNNAAVWGGGYGKG,0.000533593,True,False
83_n1217,NFIA_NFI_1,YTTGGMWYNNTGCCA,8.55467e-10,True,False
1119_n1698,Ddit3+Cebpa_MA0019.1,NHMWTATTGCAYHWD,0.0018946,True,False
973_n92,FOXC1_forkhead_1,TTGTTTGTTTGTTTG,0.0174538,True,False
1118_n2070,SOX10_HUMAN.H11MO.0.B,AAACAAAGCCRSYHB,0.00646385,True,False
1021_n166,LIN54_MA0619.1,DNHTGDGTTCAAATC,0.0344105,True,False
1398_n2351,CRX_HUMAN.H11MO.0.B,WMAVARGATTAATM,0.0497977,True,False
2079_n459,BC11A_HUMAN.H11MO.0.A,ARARAGRGRRARAAA,0.0192839,True,False
146_n139,LEF1_HUMAN.H11MO.0.A,TCCTKWSNNMTKAND,0.0289116,True,False
352_n1138,ZN121_HUMAN.H11MO.0.C,GTGACAGAGCGAGAC,0.0273114,True,False
596_n1319,AP2A_HUMAN.H11MO.0.A,SCYTGAGGSHADDNN,1.67415e-05,True,False
1267_n1079,BRUNOL4,MACMAMMACAYAHWW,0.00366199,False,True
1162_n2717,CUX2_MOUSE.H11MO.0.C,MTCAATRDAHYBWWT,0.0111828,True,False
877_n998,HXA10_HUMAN.H11MO.0.C,NNNNNNVVTTTTATG,0.0186135,True,False
749_n2477,ZNF24_MA1124.1,VRNRTYCATTCATGT,0.00792801,True,False
264_n1214,IRF2_MA0051.1,WHNDTASTTTCACTT,5.67035e-07,True,False
1278_n1310,EOMES_MA0800.1,NNNWYTTARCAC,0.0316637,True,False
2061_n233,ASCL1_HUMAN.H11MO.0.A,YDSWGGVAGGTGGDK,0.00304071,True,False
154_n2209,ASCL1_HUMAN.H11MO.0.A,BYNYYCAGGTGTGHN,0.00407378,True,False
397_n1198,CLOCK_HUMAN.H11MO.0.C,VHDKCCACGTGRVH,0.00424794,True,False
149_n2131,CPEB4,AAAAAARSNNDNNNNNNN,0.000324818,False,True
750_n443,ERR2_MOUSE.H11MO.0.A,GTTCAAGGCTRCAGT,0.0263637,True,False
1871_n2368,TBP_HUMAN.H11MO.0.A,NTWTTTWTATAGYDG,0.0143659,True,False
952_n1530,Ddit3+Cebpa_MA0019.1,KGNATTGCATTRAAT,0.0158393,True,False
393_n1102,SOX10_HUMAN.H11MO.0.B,DWDNNBYCATTGTTY,0.00131395,True,False
2105_n1886,ZNF384_MA1125.1,GWRBNWTKHAAAAAW,0.00033367,True,False
1083_n1415,NFAC1_HUMAN.H11MO.0.B,CYGGAAATVNDRNNN,0.00487905,True,False
938_n1400,GATA1+TAL1_MA0140.2,NNNNWDNHDDATGAT,0.00357817,True,False
1475_n2934,TBP_HUMAN.H11MO.0.A,SYTTTTATAKHBTTW,0.000378955,True,False
987_n2161,Six3_MA0631.1,HHDBTGTATCAKWTT,0.00163904,True,False
730_n2529,MAFB_HUMAN.H11MO.0.B,ANTCAGCAWWTTY,0.0376713,True,False
892_n295,BRAC_HUMAN.H11MO.0.A,YTYTCACACTCTNYN,0.00235346,True,False
813_n1994,TIA1,TTWTTTTTKGGRVRRARW,0.0107421,False,True
2019_n1505,BC11A_HUMAN.H11MO.0.A,YATTTCCYMWKDTTT,0.00267908,True,False
958_n2592,NFKB1_MA0105.4,NHWGGGGAATTCCCH,0.000807824,True,False
1405_n2040,NKX2-3_MA0672.1,GCCACTKAADHNWDN,0.00259944,True,False
127_n2783,EHF_HUMAN.H11MO.0.B,CAYTTCCTGTBYNNN,0.00553611,True,False
311_n355,ANDR_HUMAN.H11MO.0.A,HHNNMWWTRTTTRCT,0.000317783,True,False
1496_n2813,NKX28_HUMAN.H11MO.0.C,ANSCCTTSAAGKAWN,0.0147461,True,False
939_n610,GATA1+TAL1_MA0140.2,BMVTATCTBHWNDND,9.28901e-06,True,False
2017_n1410,HNF1A_HUMAN.H11MO.0.C,WDTCAATSWTTAWWW,0.0146282,True,False
1695_n10,NFAC1_HUMAN.H11MO.0.B,NDDDAHWDTRTTTC,0.0240447,True,False
1597_n1314,COT1_HUMAN.H11MO.0.C,CCYCCCMCCYYNGSCYYC,0.00118483,True,False
1093_n1106,Arid5a_MA0602.1,NYTAATAATRNTBNN,0.0147451,True,False
831_n1785,ZKSC1_HUMAN.H11MO.0.B,NDDDVWRCCTACWD,0.0309197,True,False
523_n2211,GATA1+TAL1_MA0140.2,KCTGTTHHNN,0.00793336,True,False
691_n2239,TEAD1_HUMAN.H11MO.0.A,ACATACCTNDRMHWN,0.0492399,True,False
125_n1105,EHF_HUMAN.H11MO.0.B,AGGAAGTGRNHNNNN,0.000652955,True,False
1134_n6,GATA1+TAL1_MA0140.2,NDNRVAABRGTTAAS,0.00167362,True,False
1655_n622,ZIM3_HUMAN.H11MO.0.C,AYTTCTGCTTWBDNR,0.00425714,True,False
469_n236,ZBT7A_HUMAN.H11MO.0.A,NNRVNRAGGGTCTYV,0.00875182,True,False
615_n1322,ERR1_HUMAN.H11MO.0.A,DHTCWBTGTGRCCTT,3.52855e-05,True,False
1109_n1389,Arid5a_MA0602.1,YDRAAATATTTTNAR,0.0103177,True,False
1701_n1603,FOXC1_forkhead_1,ATAAATAAATAAATA,0.00409565,True,False
1901_n2498,ZNF384_MA1125.1,AAAAAWWTTTTTTTTWWA,0.000367206,True,False
506_n2388,LEF1_HMG_1,NDNWDWYAAAGATCA,0.0168981,True,False
2046_n891,ALX3_MA0634.1,WYCYWRHTGAWTNRD,0.038186,True,False
447_n1098,ZNF24_MA1124.1,TGAATGAATGAATGA,2.84202e-06,True,False
1968_n2386,ZN121_HUMAN.H11MO.0.C,TGGGCAACAGAGYGAGAC,9.69809e-09,True,False
680_n2772,ZBT7A_HUMAN.H11MO.0.A,KDAGACCCTYHYM,0.0201133,True,False
681_n1263,MYBA_MOUSE.H11MO.0.C,HWHWGTCAGTTWVDH,0.0486738,True,False
1445_n1940,MYBA_MOUSE.H11MO.0.C,ADNHRGCAGTT,0.0154504,True,False
1602_n587,ZNF384_MA1125.1,TTTTTTTTTTTGAGA,0.0232248,True,False
31_n107,GATA1+TAL1_MA0140.2,DNNNNNWSWGATAAG,3.99979e-10,True,False
388_n2271,MAFB_HUMAN.H11MO.0.B,WWNMWDABTCAGCAW,2.9661e-06,True,False
1330_n2165,Lhx3_MA0135.1,NWWKRHTTTAATTAA,0.00843328,True,False
216_n121,ARNTL_bHLH_1,AGTCACRTGAYY,5.33147e-05,True,False
442_n2049,ZBT14_HUMAN.H11MO.0.C,VNVVDRKCGCGCSMC,0.024802,True,False
239_n432,NFIA_MA0670.1,DDDDWYYGTGCCAAG,0.000110537,True,False
1501_n1555,HXA10_HUMAN.H11MO.0.C,DWWDHRRAYTTTAT,0.0296389,True,False
438_n925,HXB7_HUMAN.H11MO.0.C,TKRATGATTAATTAA,0.000871894,True,False
836_n576,EWSR1-FLI1_MA0149.1,GAAAGAAAGAAAGAA,0.000308031,True,False
1189_n1496,GRHL1_CP2_1,HAAACYKGTTTTDCH,0.00429305,True,False
563_n1188,EWSR1-FLI1_MA0149.1,GGAAGGAAGGAARGA,2.79705e-10,True,False
1133_n1610,LEF1_HMG_1,NDDTRDHTTTGATCT,0.000841134,True,False
956_n308,Z354A_HUMAN.H11MO.0.C,TTARNNVATTTACAT,0.000264642,True,False
802_n2815,OZF_HUMAN.H11MO.0.C,TTTATGGCTGCATAG,7.59047e-06,True,False
645_n287,Ddit3+Cebpa_MA0019.1,VMAWTGCAATGNYWW,0.00512712,True,False
268_n975,FOXC1_forkhead_1,WTTAAATAAATHHYY,0.0263405,True,False
1509_n1393,HNRNPCL1,YCAAAAAATGGGMAA,0.00754665,False,True
1198_n2005,LEF1_HMG_1,NNAAKATGAAAGVMH,0.00106782,True,False
228_n2897,PRDM1_C2H2_1,TASTTTCAYTTTBNN,4.74686e-05,True,False
584_n428,ERR1_HUMAN.H11MO.0.A,AAGGACABTDNNHWN,0.0114113,True,False
583_n2898,ZN121_HUMAN.H11MO.0.C,GYRACAKAGTGAGAC,0.000575839,True,False
1623_n2690,ELAVL2,NDKRDYTCMTTTYYY,0.0175643,False,True
129_n772,EHF_HUMAN.H11MO.0.B,CTTCCTGTBYNNNNNNNN,0.00898538,True,False
1222_n1567,SIX1_HUMAN.H11MO.0.A,AATRTGATWHH,0.00263565,True,False
747_n2871,IRF2_MA0051.1,TGAAAGYWDDNDNN,0.00115532,True,False
1849_n269,FOXC1_forkhead_1,AAAWAAAAAACAAAC,0.0143654,True,False
755_n2629,SRF_HUMAN.H11MO.0.A,TKNCCWTATAWGGNM,4.70253e-09,True,False
513_n109,ERR1_HUMAN.H11MO.0.A,NTYNAAGGACABTD,0.0159772,True,False
1448_n1194,ZBTB6_HUMAN.H11MO.0.C,GGCCTCCAGCTCCAT,0.0372807,True,False
2115_n449,(SYNCRIP)_(Xenopus_tropicalis)_(RBD_0.97),BBKSSSCCHMMMAAWGTK,0.00921888,True,False
2096_n1460,PAX5_HUMAN.H11MO.0.A,NBYKCTSTMCMRVCH,0.0338464,True,False
534_n1216,HXB7_HUMAN.H11MO.0.C,CATGATTTATRGYHH,0.00699132,True,False
777_n408,ANDR_HUMAN.H11MO.0.A,WHHHWWHYTTKRKGT,0.0183945,True,False
262_n780,TEAD1_HUMAN.H11MO.0.A,CWVAGGAATGTRRHN,0.00439805,True,False
850_n384,ZNF384_MA1125.1,DWNNNHHWTTTTWAAAAA,0.00123129,True,False
1621_n2332,PCBP2,TKTKGGWWGRRNWDN,0.00481981,False,True
257_n621,TYY1_HUMAN.H11MO.0.A,WDNCAARATGGCTGM,9.29608e-08,True,False
354_n1398,MEIS1_MA0498.2,WAWTGACAGBTTTN,0.00649048,True,False
519_n2754,NRF1_HUMAN.H11MO.0.A,GCGCATGCGCA,1.80503e-06,True,False
212_n1522,ZNF524_C2H2_1,GGGTTCAAGTGATTC,0.0275498,True,False
719_n752,BRAC_HUMAN.H11MO.0.A,HNNDNWWHWWDTGTG,0.0356254,True,False
955_n888,EGR1_C2H2_1,AYTSYGTGGGMGKCT,0.000110827,True,False
1302_n561,PRDM1_C2H2_1,ACYTTYACTTT,0.000764744,True,False
179_n1979,PEBB_HUMAN.H11MO.0.C,NDNDWWAACCACAAR,0.00708147,True,False
2097_n1289,ZNF384_MA1125.1,TTTTTTKDRRRRRARRKK,0.000595263,True,False
862_n547,RBPJ_MA1116.1,RVCCTGGRAAANRDR,0.00914255,True,False
320_n2425,NFIA_MA0670.1,NNNNDNWCTTGGCAS,4.81301e-05,True,False
795_n2541,Six3_MA0631.1,DKSTATCAATYWTN,0.0463838,True,False
1031_n2249,AP2A_HUMAN.H11MO.0.A,CCTCAGGCRATCYDC,0.039142,True,False
430_n2776,ZNF24_MA1124.1,NHDTTHATTCATTCA,0.000267413,True,False
977_n2698,COT1_HUMAN.H11MO.0.C,RNYCYBTGACCCYTG,0.00211058,True,False
1437_n297,MZF1_HUMAN.H11MO.0.B,NRRNHAGGGAATBGG,9.5506e-06,True,False
1338_n439,CPEB2,DWAWWAWAAAAWDGGGGG,0.00100878,False,True
675_n2347,OSR2_HUMAN.H11MO.0.C,HWTCMTGCTGCTGHT,0.00388699,True,False
241_n2515,INSM1_HUMAN.H11MO.0.C,DRRCCCCCTGHDNBT,0.0114734,True,False
714_n1855,NR2E1_nuclearreceptor_1,TTGACTTTWKNWHDN,0.000315392,True,False
309_n2739,ZNF384_MA1125.1,YTTTTTTTTDRDDWNHHN,1.2841e-05,True,False
763_n2259,NKX28_HUMAN.H11MO.0.C,NHHWTTCAAGGAYWT,0.00338306,True,False
903_n1213,Arid5a_MA0602.1,HDWWDWDHMAATATT,1.58238e-05,True,False
299_n529,ERR2_MOUSE.H11MO.0.A,NHHNDAAAGGTCAHW,0.000219177,True,False
558_n258,AP2A_HUMAN.H11MO.0.A,NWWATDSCCTCAGGS,1.59631e-07,True,False
2000_n2591,CRX_HUMAN.H11MO.0.B,DDDRWGATTAG,0.0109395,True,False
1155_n1469,GATA1+TAL1_MA0140.2,ATCARAGBRVWANW,0.00180992,True,False
1252_n60,OZF_HUMAN.H11MO.0.C,TATGGCTGCATAGTA,4.45576e-06,True,False
1201_n1329,KLF8_HUMAN.H11MO.0.C,NRGGGGGGTGWTWWH,0.0469213,True,False
449_n2823,RBPJ_MA1116.1,RGVATKCTGGGAAHT,0.00384119,True,False
1451_n2475,PABPC4,HHDYTKKTTTTTTTTTTT,0.00226839,False,True
277_n749,ZNF384_MA1125.1,NNNNNNVNTTTTTTTTGK,4.89472e-05,True,False
1653_n202,EHF_HUMAN.H11MO.0.B,WYHWYTTCCTGGADN,0.00167158,True,False
2084_n1034,PABPC4,AAARMARSCWRARAA,0.0400251,False,True
1430_n678,TIA1,KTTTTTNDNNWHDDDNWH,0.011633,False,True
2071_n1742,BCL6_HUMAN.H11MO.0.A,YTTYCTDHAGGSNMN,0.0191935,True,False
1464_n2008,NKX2-3_MA0672.1,HDTGTCCACTTNDND,0.0277018,True,False
1107_n245,AIRE_HUMAN.H11MO.0.C,TTKGGBYWWWDNNHNNNN,0.0376565,True,False
420_n2545,KLF15_HUMAN.H11MO.0.A,ACYGCARGCTCCGCC,0.0145025,True,False
1840_n1269,Arid5a_MA0602.1,NHHNWWKTYYWAATA,0.0361938,True,False
1687_n2800,MAFB_HUMAN.H11MO.0.B,WWHDNNHWDANTCAG,0.000494276,True,False
1870_n229,ELAVL2,NWDNWWWAHAAAGAA,0.00710192,False,True
573_n2266,HEN1_HUMAN.H11MO.0.C,DNNNNRRARCAGCTG,0.00193721,True,False
732_n1889,KLF15_HUMAN.H11MO.0.A,GGRRGGGGRRRRRRDDDN,0.00370848,True,False
1418_n715,ERR2_MOUSE.H11MO.0.A,CCTTWAAHND,0.0125022,True,False
748_n2331,NFAT5_MA0606.1,WAAARTGGAAAATTH,0.00143719,True,False
6_n1748,ZNF384_MA1125.1,WWDDBTSAAAAAAAW,4.5372e-06,True,False
1346_n1487,COT1_HUMAN.H11MO.0.C,DDSVRAGGCCAGGGC,0.0178249,True,False
499_n910,TYY1_HUMAN.H11MO.0.A,DWDGCAGCCATHTT,7.7937e-05,True,False
942_n288,Arid5a_MA0602.1,DKCAAATATTGRMAN,0.000123744,True,False
21_n575,ZN121_HUMAN.H11MO.0.C,CAGCCTGGGCRACAGAGY,0.00663303,True,False
1305_n2051,MEF2A_HUMAN.H11MO.0.A,DKGNCAAAAATARYW,1.10637e-05,True,False
1037_n2020,AP2A_HUMAN.H11MO.0.A,RAVCCCTGGRGRRDN,0.00022995,True,False
511_n209,CTCFL_HUMAN.H11MO.0.A,NBYWGGGGGCHMYNN,0.00227812,True,False
863_n61,Arid5a_MA0602.1,HDDHWNNHDGCAATA,0.0160855,True,False
1652_n2383,FOXC1_forkhead_1,TTRTTTGTTTTYYN,0.00617457,True,False
445_n2058,CPEB1_RRM_1,WAATAAAAATAAWRW,0.0139815,True,False
549_n941,CTCFL_HUMAN.H11MO.0.A,NYDRCCASYAGRKGG,1.68758e-05,True,False
634_n1960,ZNF384_MA1125.1,NYNDTYYCAAAAAAAAAA,0.000449168,True,False
478_n1772,ZNF384_MA1125.1,DWGRAAAAAATGYDY,0.0039165,True,False
1106_n1191,EVI1_HUMAN.H11MO.0.B,WTHTCYTCTTCTCYY,0.0411568,True,False
765_n574,Arid5a_MA0602.1,ATCTTGNNWN,0.00524633,True,False
1258_n1771,NR2F1_nuclearreceptor_2,CRGATCACGAGGTCA,0.000520418,True,False
1630_n493,HNRNPC,RRRRAAAATSYCCHN,0.0408408,False,True
1861_n2916,Lhx3_MA0135.1,HYAANTAATTAWTYH,0.000914014,True,False
348_n203,GATA1+TAL1_MA0140.2,DBCTTATCWBWNDDD,1.94444e-07,True,False
599_n2887,NFAC1_HUMAN.H11MO.0.B,TGHAAAANARNNHW,0.0301589,True,False
426_n1307,GMEB2_MA0862.1,NTTACGTMANW,2.13397e-07,True,False
520_n2504,LEF1_HUMAN.H11MO.0.A,RCCTTTGTTCHHHDN,0.0371022,True,False
181_n806,ATF3_MOUSE.H11MO.0.A,ATGAGTCATHN,0.00189246,True,False
288_n1679,SPI1_ETS_1,NACTTCCTCWTTTYC,5.32704e-07,True,False
97_n2750,ATF3_MOUSE.H11MO.0.A,DATGAGTCA,0.00829576,True,False
1459_n873,Arid5a_MA0602.1,HWDMYAAGTATTNMR,0.00312347,True,False
1685_n1616,ZN586_HUMAN.H11MO.0.C,HNHAWTTWTTCCTCM,0.0254978,True,False
927_n1172,ZN554_HUMAN.H11MO.0.C,NNNNNNDDHVMHHTG,0.0207414,True,False
1078_n760,RBPJ_MA1116.1,NHNNWATTCCCAWNA,0.000901589,True,False
1887_n1416,ZNF384_MA1125.1,TTTTYYYYTTTTTTKKWW,0.000113467,True,False
1094_n2003,EGR1_HUMAN.H11MO.0.A,CCTCCCCCAVMMHHN,0.00683145,True,False
1756_n386,ZNF384_MA1125.1,AAAAAAAA,0.00231653,True,False
225_n1665,ZNF24_MA1124.1,TCATTCATTCATTCA,1.08462e-07,True,False
838_n1419,GATA1+TAL1_MA0140.2,WNDNWDNNYDCTGAT,0.00407757,True,False
305_n2548,COE1_HUMAN.H11MO.0.A,TCCCTWGGGAMTWDN,3.11974e-06,True,False
1888_n1981,EGR1_HUMAN.H11MO.0.A,CACCYCCCRCYRVSM,0.00219089,True,False
5_n1619,ZNF384_MA1125.1,TTTTTTTTHMMHHHWWHH,5.97368e-07,True,False
1649_n357,ZN586_HUMAN.H11MO.0.C,TGCCCACCTCRGCCT,0.0186488,True,False
41_n2633,NFIA_NFI_1,CANNNWKCCARRDNN,2.55844e-05,True,False
1361_n2858,KLF15_HUMAN.H11MO.0.A,HNHHYCCCCCCCMCCCCC,0.000655415,True,False
1582_n884,RBPJ_MA1116.1,MWTTCCCTRAVYY,0.0499575,True,False
751_n1646,RBPJ_MA1116.1,TCCCAGCATNMHHNN,0.0396169,True,False
1538_n1277,FOXC1_forkhead_1,HYTTATTTATTTATT,0.012033,True,False
1461_n2410,FOXC1_forkhead_1,WMAAACAAACAAAYV,0.0207299,True,False
949_n1241,CTCFL_HUMAN.H11MO.0.A,RCCACYAGRTGGCRS,6.43013e-05,True,False
398_n95,MEIS1_MA0498.2,NNNDDRYTGACAGB,0.00714705,True,False
266_n1092,GATA1+TAL1_MA0140.2,HWKKNNNWNDSAGA,5.70137e-05,True,False
337_n1791,ZNF384_MA1125.1,AMHTTTTTTTTTNNNHYT,3.91127e-08,True,False
464_n1096,NFIA_MA0670.1,GCCAAGWHHNDNNNN,0.0194554,True,False
481_n1853,SOX10_HMG_4,GGATTACAGGCAYGC,0.029543,True,False
757_n1803,LEF1_HMG_1,NAWDCCCTTTGWMM,0.00678718,True,False
380_n558,NFAC1_HUMAN.H11MO.0.B,TKKKBYTCTGTCCTC,0.0253257,True,False
2048_n1800,LEF1_HUMAN.H11MO.0.A,MRNGARASAARRARR,0.0203968,True,False
812_n568,Zfp652.mouse_C2H2_1,TTTARCACTTYWDAN,0.0423368,True,False
1935_n438,ZN121_HUMAN.H11MO.0.C,HDDRGTCTTGCTCTG,0.00402593,True,False
230_n2720,TEAD1_HUMAN.H11MO.0.A,WMAYNNSWNAGGAAT,0.00110638,True,False
381_n1715,TEAD1_HUMAN.H11MO.0.A,AHNNNYTRMATTCCT,0.0340782,True,False
1022_n716,MAFB_HUMAN.H11MO.0.B,WNHYKRCTGATTCWD,0.00938349,True,False
498_n1704,NR1H3_HUMAN.H11MO.0.B,NNNNNDGGNHWDHNNDGG,0.00696954,True,False
1002_n351,NKX2-3_MA0672.1,WDNWWHWBWGAAGTG,0.0226397,True,False
1177_n2572,EGR1_HUMAN.H11MO.0.A,ACCCACCCNNSCCBS,0.0143265,True,False
529_n2741,IRF2_MA0051.1,HNWDHYTTASTTTCA,0.000559561,True,False
1605_n578,GATA1+TAL1_MA0140.2,YCTCATCWCTKCTCW,0.0346888,True,False
647_n2314,HOXA10_homeodomain_1,HDNNRDARYCATAAA,0.0377009,True,False
2133_n2330,PABPC4,SYCYWTSTCAAAAAAAAW,0.00363103,False,True
1681_n1066,ZNF384_MA1125.1,NAAWTTGTTTWCAAV,0.0449085,True,False
484_n1493,FIGLA_MA0820.1,ACAGGTGYHYH,7.53126e-05,True,False
283_n1382,ATF7_MA0834.1,RATGACVTCATY,2.97204e-05,True,False
1255_n344,LEF1_HMG_1,YWNNADGATCAARTG,0.0436831,True,False
138_n2296,ZNF384_MA1125.1,ASTTTTTTTTTTTTD,0.0170655,True,False
48_n656,PLAG1_MA0163.1,GAGGCCRAGGCGGGY,0.0239799,True,False
503_n48,HEN1_HUMAN.H11MO.0.C,GCAGCTGTKYNBH,0.00115479,True,False
1493_n2127,NKX2-3_MA0672.1,NNDNNVHCAAGTGGC,0.0213015,True,False
1975_n2245,HNRNPCL1,CCCRGCTAATTTTTKKWW,0.0349257,False,True
1785_n845,CPEB1_RRM_1,CYATAAAAAADADDD,0.0113413,True,False
1241_n1144,EGR1_HUMAN.H11MO.0.A,RDGGGTGGGTGGGTG,0.0159063,True,False
667_n359,ZNF384_MA1125.1,HNWTWWWDNMMTTTTTTT,0.00393624,True,False
1563_n1860,HNRNPC,NHCCHCAAAAATGYY,0.0364793,False,True
247_n620,GATA1+TAL1_MA0140.2,CTTATCTBYDNDNDN,1.00734e-09,True,False
480_n491,ZNF384_MA1125.1,TTTTTTTTTTTTTGAGAC,0.0096099,True,False
2135_n2679,KLF15_HUMAN.H11MO.0.A,MTCCCCCCCCCYCCC,0.00836864,True,False
434_n1412,GATA1+TAL1_MA0140.2,NNWSWGATAAGMADBNNN,0.000346828,True,False
68_n869,EWSR1-FLI1_MA0149.1,GRAGGGAGGGAGGGA,0.00175443,True,False
625_n1591,ANDR_MOUSE.H11MO.0.A,DRGAACATTNTGTWC,0.00263595,True,False
483_n1038,HXA10_HUMAN.H11MO.0.C,RYCATAAATCWDNHN,0.000338689,True,False
883_n151,CTCFL_HUMAN.H11MO.0.A,SYAGRKGGCRCYMDN,1.54257e-06,True,False
69_n1874,EHF_HUMAN.H11MO.0.B,NDDAAASAGGAAGTGRNW,2.01173e-06,True,False
441_n1547,MEOX2_homeodomain_3,NYHATCATCATCATH,0.000334936,True,False
122_n1915,NFIA_MA0670.1,TTGGCABDRANTHHD,3.25972e-05,True,False
1431_n876,ZNF384_MA1125.1,AAAAAAAAAARAADDDNN,0.00563882,True,False
1694_n131,PABPC4,WTTWWWAAAAAAARRNTT,0.00318759,False,True
1443_n1851,SOX10_HMG_2,AGAACATGCGGTGTT,0.00739022,True,False
1878_n1062,EHF_HUMAN.H11MO.0.B,BHTKATKCCTGCHTN,0.0209958,True,False
600_n1380,STA5A_HUMAN.H11MO.0.A,AWTTCCCAGAADBS,0.00330463,True,False
1073_n2324,ERR1_HUMAN.H11MO.0.A,NWDADTATCCTTDRN,0.00895939,True,False
595_n2123,HNRNPC,AGCTAATTTTTKTWTTTT,0.0359176,False,True
497_n1147,SOX5_HUMAN.H11MO.0.C,NNDNNBDRAACAATG,0.0227074,True,False
422_n653,ZBT7A_HUMAN.H11MO.0.A,SRGGGGCYCCTSNSB,0.0177456,True,False
536_n2028,MAFB_HUMAN.H11MO.0.B,NNHVHTNTDTCATCA,0.0486689,True,False
2155_n1724,ZNF384_MA1125.1,AAMAMAAHMAAAMAAAAA,0.000228676,True,False
1603_n1833,OSR2_HUMAN.H11MO.0.C,HTKYTRSTTCTGCTT,0.0329748,True,False
2022_n1444,TBP_HUMAN.H11MO.0.A,WYCMHYTTATANVWN,0.0443936,True,False
2095_n566,EGR1_HUMAN.H11MO.0.A,CCCCCCACCCHCCCC,0.0017528,True,False
1510_n2923,SNAI2_C2H2_1,TACAGGTGYSCACCA,0.0456549,True,False
1160_n2636,Tp53.mouse_p53l_2,WYTTACATGTAWKWA,0.0326473,True,False
2053_n1381,(SYNCRIP)_(Xenopus_tropicalis)_(RBD_0.97),RVNWRRAAAWWAGYC,0.0350635,True,False
1318_n1340,ZN708_HUMAN.H11MO.0.C,NDDDNAYTMAGGCAB,0.046915,True,False
1061_n1845,FOXC1_forkhead_1,ATTTATTTATTTDND,0.00104815,True,False
433_n880,ERR1_HUMAN.H11MO.0.A,NNHNNHNRVTGACCT,0.000163701,True,False
1675_n1338,PRDM1_C2H2_1,TYAAAAGTRAAAGHR,0.0118235,True,False
1900_n2673,ZNF384_MA1125.1,TTTTTTTTTTTTWAARRR,0.00137075,True,False
799_n848,IKZF1_HUMAN.H11MO.0.C,ATYCCAGSAMYTTGGGAG,0.025811,True,False
917_n1564,LEF1_HUMAN.H11MO.0.A,DDNDDDNNNKDVAAAGGG,0.00194454,True,False
875_n2173,Dux_MA0611.1,DWNVSAATCAGATNH,0.0452512,True,False
1416_n2882,BRAC_HUMAN.H11MO.0.A,ACAWBTTKKDNHHNN,0.0197418,True,False
261_n1000,GATA1+TAL1_MA0140.2,CTYYHDDNNHMWD,0.0116505,True,False
1912_n2874,GATA1+TAL1_MA0140.2,ASTGKNYNDDDTWDD,0.0232841,True,False
1018_n1071,NFAC1_HUMAN.H11MO.0.B,KGRAAANNWWDDNDNHNN,0.0187775,True,False
617_n2114,HAND1_MOUSE.H11MO.0.C,KGAWDBTTTCCAGAW,0.0353108,True,False
548_n1143,ZN121_HUMAN.H11MO.0.C,TCTGTTGCCCAGGCT,0.000898825,True,False
982_n2038,ERR2_MOUSE.H11MO.0.A,GTCAKYAH,0.0177288,True,False
785_n1577,ZN768_HUMAN.H11MO.0.C,HDCTCTCTGTDKD,0.0387858,True,False
969_n2348,NFKB1_HUMAN.H11MO.1.B,GGGRWTTTCCMWDWT,1.79289e-05,True,False
1753_n1953,Arid3a_MA0151.1,NWWATTTTAATGAVN,0.0435931,True,False
493_n182,ATF7_MA0834.1,DWWVRATGAGGTC,0.00854667,True,False
307_n2849,EGR1_HUMAN.H11MO.0.A,WWDRGGGGGGGGGGDNNN,0.000539519,True,False
1956_n2481,ZNF384_MA1125.1,DAWTTTATTTTWHHH,0.0010445,True,False
1645_n2510,FOXC1_forkhead_1,TAAATAAATAAAWNH,0.0392636,True,False
786_n1291,ZN554_HUMAN.H11MO.0.C,GACAKTTRNDTTNHW,0.00740605,True,False
1396_n453,LIN54_MA0619.1,ATTTAAATGKBTDHN,0.0124724,True,False
2082_n2061,OSR2_HUMAN.H11MO.0.C,AAGCAGCTGVGAMTR,0.0021625,True,False
1383_n2103,NFAC1_HUMAN.H11MO.0.B,HWGGAACCHWWNDDD,0.0205298,True,False
1699_n2748,ZN418_HUMAN.H11MO.0.C,CTTTYRRRAAAHTHN,0.022679,True,False
817_n2181,ZN768_HUMAN.H11MO.0.C,RRDYTCAGAGAGATH,5.28295e-05,True,False
856_n1559,ZN384_HUMAN.H11MO.0.C,MAAAAARGBNARDWNNNN,0.00166338,True,False
814_n2150,ZNF384_MA1125.1,DNWAAAAAAAAAAAAAAA,0.00351977,True,False
174_n782,GATA1+TAL1_MA0140.2,NHHRAAGATAAGVRN,0.00361612,True,False
948_n1836,COE1_HUMAN.H11MO.0.A,WATRCCCAARGGAWW,0.0156272,True,False
699_n934,PABPC1,TTTHTYWTAWWDDDD,0.0498368,False,True
839_n1929,LIN54_MA0619.1,NNBTATTCAAATMTN,0.0251377,True,False
1130_n433,HXA10_HUMAN.H11MO.0.C,YMRADTTATGAGAAT,0.0402005,True,False
401_n1232,HNF4A_HUMAN.H11MO.0.A,GKYCAAAGTCCANNN,9.36821e-08,True,False
143_n393,ZN121_HUMAN.H11MO.0.C,TCACCATGTTGGCCAGGC,0.0329347,True,False
188_n2279,ZNF784_C2H2_1,MAGGTAAGTAWHWDN,0.0420526,True,False
70_n1055,ZN121_HUMAN.H11MO.0.C,GTTTCACCATGTTGGCCA,0.0120045,True,False
290_n527,HNF1A_HUMAN.H11MO.0.C,GTTAATSATTAACH,4.37544e-09,True,False
1487_n281,OSR2_HUMAN.H11MO.0.C,NRBRGCTCCTBSTGG,0.000701562,True,False
358_n2654,PABPC4,AAAAAAAWWWAWWAAAAA,0.00620821,False,True
93_n2608,ZN121_HUMAN.H11MO.0.C,CCTGGGYGACAGAGCRAG,0.000166605,True,False
1294_n398,Six3_MA0631.1,ATGGGGTTTCHCTWT,0.00825617,True,False
1382_n551,MZF1_MA0056.1,NNNDDDNNYGGGGAV,0.0278348,True,False
439_n1226,OSR2_HUMAN.H11MO.0.C,GCAGCAGCAGRATNY,0.00149682,True,False
1663_n670,ZN384_HUMAN.H11MO.0.C,GGAAAADDGRGNWTT,0.00422728,True,False
466_n548,CUX1_CUT_2,WDDNAWVAATCAATA,0.0492483,True,False
1997_n1997,ZN121_HUMAN.H11MO.0.C,TGGGCGACAGAGCAA,0.00235511,True,False
1465_n911,NFAC1_HUMAN.H11MO.0.B,STGGRRRVAAAHNNN,0.0038987,True,False
1089_n724,HAND1_MOUSE.H11MO.0.C,CCTGSHWBBNDNNN,0.0319064,True,False
1084_n892,SPI1_ETS_1,AAAWGRRGAASWRDH,0.00259433,True,False
306_n414,TYY1_HUMAN.H11MO.0.A,KCMGCCATYTTGRND,1.22129e-07,True,False
2172_n2713,EWSR1-FLI1_MA0149.1,TCTTTCTTTCTTTCT,0.0144856,True,False
193_n2408,NR2F1_nuclearreceptor_2,CGAGGTCAGGAGATC,0.0354234,True,False
1982_n1932,NR1H3_HUMAN.H11MO.0.B,HHHMAGGTRAGTTSA,0.0185283,True,False
570_n672,TIA1,NNVVARAVMMMMMAAAAA,0.00502021,False,True
1811_n2852,ZN708_HUMAN.H11MO.0.C,NNDDHADKCAGGC,0.0174933,True,False
569_n1673,HXA10_HUMAN.H11MO.0.C,ARRRYCATAAATCWT,0.00289951,True,False
349_n799,SNAI2_C2H2_1,YACCTGWRMVHNDN,0.0391378,True,False
736_n376,A2BP1,GCATGCAYNHDDWDD,0.0259275,False,True
1894_n1961,ZN384_HUMAN.H11MO.0.C,RGRAAAAAAWDDDRRRRD,0.000478727,True,False
424_n494,PEBB_HUMAN.H11MO.0.C,WWAACCACAWHSTWN,0.010429,True,False
745_n1185,OSR2_HUMAN.H11MO.0.C,GHDGYAGCAGCAGCA,0.00443281,True,False
525_n1867,LIN54_MA0619.1,BTKKBWTTTAAAWWA,0.0265776,True,False
58_n2315,ZNF384_MA1125.1,AAAAAAAAVBBBYYNNNN,0.00198638,True,False
657_n478,SOX10_HUMAN.H11MO.0.B,HWADDNNBCCATTG,0.000516638,True,False
2018_n2210,HOXA10_homeodomain_1,WWNRGGSATWAAAWD,0.0085931,True,False
1719_n2067,E2F1_HUMAN.H11MO.0.A,NTTYCCGCCTHBKVS,0.000403377,True,False
1740_n1983,NFAC1_HUMAN.H11MO.0.B,NNNNNNDNNHHNNBKTTT,0.0149027,True,False
235_n289,ATF3_MOUSE.H11MO.0.A,NDNDRTGACTCAYWB,0.00133485,True,False
300_n1082,ZNF384_MA1125.1,HHWAARAAGAADAAA,0.0391096,True,False
269_n499,MZF1_HUMAN.H11MO.0.B,NSYCCCTCCCCCYTT,0.0138256,True,False
1151_n1047,NR1H3_HUMAN.H11MO.0.B,CCHNHDWWDDMCWBW,0.00187858,True,False
1490_n516,ZKSC1_HUMAN.H11MO.0.B,NHDNWNYCMTRCTGT,0.0442016,True,False
666_n2581,Atoh1.mouse_bHLH_1,RDDKCCATATGKWNH,0.00305382,True,False
419_n265,LEF1_HUMAN.H11MO.0.A,CCTYKRNNHNNNNND,0.0115946,True,False
1786_n534,KLF15_HUMAN.H11MO.0.A,CCCCCCCCCCCCCCCCCC,0.00010334,True,False
1185_n754,ZN250_HUMAN.H11MO.0.C,ACTGTTTTRAWHH,0.0416358,True,False
607_n877,RFX1_HUMAN.H11MO.0.B,HDGTTDCCATGG,0.000169348,True,False
535_n2779,ATF4_HUMAN.H11MO.0.A,GCATCATCTYDDW,0.00655496,True,False
643_n418,(RBM38)_(Mus_musculus)_(RBD_0.99),RVVMCMSTGTGTDKH,0.0404576,True,False
413_n1957,FIGLA_MA0820.1,NNYDHACACCTGTTN,0.00291201,True,False
867_n1354,PIT1_HUMAN.H11MO.0.C,DWRATGCAGATWYWN,0.0396377,True,False
53_n1196,ZFP28_HUMAN.H11MO.0.C,AGAAGAARAAARADD,0.0102601,True,False
1535_n1054,Arid5a_MA0602.1,TCATATTTNRANHHH,0.00313847,True,False
153_n2676,ARNTL_bHLH_1,RYCACGTGRYYN,0.000420975,True,False
1357_n321,FOXC1_forkhead_1,BYATTTATTTDBBNW,0.0088713,True,False
1927_n2335,ZIM3_HUMAN.H11MO.0.C,GGAACAGAAAACCAA,0.00075788,True,False
1587_n694,BRAC_HUMAN.H11MO.0.A,ACACTYBWNNHNNNN,0.0351565,True,False
590_n933,NR2F1_nuclearreceptor_2,TGACCTCGTGATCCG,0.00372247,True,False
1243_n1384,Z354A_HUMAN.H11MO.0.C,WWDHAWTKBAAATGC,0.0393502,True,False
1989_n1992,ZNF384_MA1125.1,TTTTTTTTTGAGACG,0.0340781,True,False
2062_n2086,CLOCK_HUMAN.H11MO.0.C,DDWTHWTRTGAYKNH,0.0349784,True,False
609_n1411,ERR1_HUMAN.H11MO.0.A,NNNDNTGVCCTTTGR,0.00457364,True,False
1315_n597,RBPJ_MA1116.1,RVCYTTCCCAARNBN,0.00364275,True,False
587_n2785,CTCFL_HUMAN.H11MO.0.A,NCHMBRSYGCCMYCT,0.00016183,True,False
298_n1433,NFIA_MA0670.1,WRTGCCAAGTWHHNN,4.47926e-05,True,False
1059_n843,DMRT3_MA0610.1,TGTAACAWNHNDNN,0.0159891,True,False
2013_n2247,SMAD3_HUMAN.H11MO.0.B,ANCWRRCASCT,0.00178551,True,False
810_n2073,MEF2A_HUMAN.H11MO.0.A,AATAGMHYHDHNWW,0.0451957,True,False
316_n1073,GATA1+TAL1_MA0140.2,ATCWBHDTDWNMCAD,8.46951e-09,True,False
818_n455,IRF2_MA0051.1,AAASYTTTWWWND,0.0407128,True,False
1474_n1984,ZN431_MOUSE.H11MO.0.C,NHDDNAVYCCTAAAA,0.0361562,True,False
1825_n178,ZNF384_MA1125.1,YKKTTTTTYYYYYTTWDW,0.000818353,True,False
780_n671,EWSR1-FLI1_MA0149.1,TTCCTTCCTTCCTTC,5.02411e-12,True,False
1288_n1561,ZN121_HUMAN.H11MO.0.C,AGCCTGGGCAACAGAGCR,0.000222901,True,False
1377_n2935,LEF1_HUMAN.H11MO.0.A,TSCCCTTTNDDNNHNWWH,0.0105531,True,False
1520_n2438,ZIM3_HUMAN.H11MO.0.C,DNNWNTWATAGAAWH,0.0302188,True,False
702_n679,Six3_MA0631.1,NVAWWSTGATASYNN,0.00068112,True,False
425_n1265,MYBA_MOUSE.H11MO.0.C,YYACYMACCAMCMMH,0.0353458,True,False
1311_n1135,GATA1+TAL1_MA0140.2,ATGSWHNRNN,0.0130408,True,False
776_n594,KAISO_HUMAN.H11MO.0.A,DMKCGCGCSANWNND,0.0400066,True,False
1236_n507,Ddit3+Cebpa_MA0019.1,DHWNDKRWTGCAATM,0.000399599,True,False
740_n994,CPEB4,ACTTTTTT,0.0318029,False,True
218_n1109,KLF15_HUMAN.H11MO.0.A,GRGGCGGRGCYTGCA,0.00898454,True,False
703_n1529,Dux_MA0611.1,WNNDNWRBAAATCAS,0.00501716,True,False
905_n1656,ZSCAN4_C2H2_1,YACWGTGTGCWWWD,0.021927,True,False
1739_n1948,SIX1_HUMAN.H11MO.0.A,KYTCAAGTTTC,0.00513636,True,False
1782_n2701,ZN667_HUMAN.H11MO.0.C,TTTWWAAGSCSSC,0.0403218,True,False
452_n2658,MEIS1_MA0498.2,VCTGTCAGNDNNNH,0.0274878,True,False
1477_n2921,KHDRBS1,ATAAAAGDNHDNNDN,0.00566388,False,True
1026_n1755,ERR2_MOUSE.H11MO.0.A,NHNDRNWWYTCAAGG,0.00917368,True,False
592_n1965,HXA1_HUMAN.H11MO.0.C,GATRGATGGATRGAT,0.0178025,True,False
2149_n1193,ZN121_HUMAN.H11MO.0.C,TYGCTCTGTCACCCAGGC,0.00576671,True,False
574_n2736,ZNF384_MA1125.1,RAAAAAAAAAAACCHHWA,0.000231824,True,False
764_n1197,GATA1+TAL1_MA0140.2,NTGATCTWWRNNW,0.0196232,True,False
486_n1515,MEOX2_homeodomain_3,TGATGATGATRATDD,0.000678397,True,False
654_n2488,TYY1_HUMAN.H11MO.0.A,NNNNWDYCAAVATG,0.017753,True,False
2121_n1080,PABPC4,AAAAAAAAAAWWWWTTTT,0.00146201,False,True
310_n1900,NFIA_MA0670.1,HDYYTVTGCCARGBD,0.000257511,True,False
1350_n2936,EWSR1-FLI1_MA0149.1,GGTGTAAGGAAGGGA,0.0151225,True,False
707_n2606,EOMES_MA0800.1,NWWWTTCACACAYWW,0.000463423,True,False
840_n883,Six3_MA0631.1,YGGTGAAACCCSATC,0.0169684,True,False
1743_n1843,Arid5a_MA0602.1,VTYAACATTRBTMHT,0.00474014,True,False
276_n2364,MEF2A_HUMAN.H11MO.0.A,TAWAWATAGMWHTWH,0.0022449,True,False
1166_n1124,NFAT5_MA0606.1,WTATTTTCCATDWDD,0.000341326,True,False
1300_n513,LEF1_HMG_1,WWNNYAAKBCTTTGA,0.0229828,True,False
772_n751,EHF_HUMAN.H11MO.0.B,NHHDBVANTTCCMRG,0.0146291,True,False
697_n161,LEF1_HUMAN.H11MO.0.A,KGKTTTNHHWDNHWTTWN,0.0456089,True,False
515_n638,MEOX2_homeodomain_3,NRRTGATGATGANNW,0.0328248,True,False
1186_n2301,HXA10_HUMAN.H11MO.0.C,NHHHHDAKTTATGAC,0.046151,True,False
133_n1523,EGR1_HUMAN.H11MO.0.A,SVRVVRGGVWGGGGG,0.00697646,True,False
1048_n362,MEF2A_HUMAN.H11MO.0.A,YTATTTTTAGHHHWW,0.000831036,True,False
2020_n1946,ZNF24_MA1124.1,WDRATTNATTCATTY,6.34741e-05,True,False
242_n1558,KLF13_C2H2_1,NMAVTGGGYGKRGCC,0.0325102,True,False
725_n1184,KAISO_HUMAN.H11MO.0.A,YARRTCTCATGAGAC,0.039339,True,False
111_n776,CEBPA_HUMAN.H11MO.0.A,ATTGCGCAATMNWW,0.00144466,True,False
328_n1325,NFIA_MA0670.1,ASTTGGCAYHNDHW,5.383e-07,True,False
571_n1693,MBD2_HUMAN.H11MO.0.B,NCWSYGCCCGGCCGS,0.0218351,True,False
835_n2716,ERR1_HUMAN.H11MO.0.A,HWNWKTGATCTYYDN,0.00160468,True,False
752_n717,NOVA2,HTNWATGACTTTRC,0.0321332,False,True
2116_n2884,EGR1_HUMAN.H11MO.0.A,AGRGRGGGRGRGRGR,0.00792582,True,False
335_n572,ZN554_HUMAN.H11MO.0.C,CGGRGCCHVVRNNVN,0.0389962,True,False
541_n1544,ALX3_MA0634.1,DRWKSTAATTASMWY,0.0142866,True,False
87_n2468,ZN384_HUMAN.H11MO.0.C,WNWHNHHHHDDGSTTTTT,0.00129031,True,False
1351_n2774,KLF15_HUMAN.H11MO.0.A,CCTCCTCCTCCTCCT,0.00864198,True,False
44_n2627,ZN121_HUMAN.H11MO.0.C,CRCTCTGTTGCCCAG,5.15783e-06,True,False
84_n1871,CEBPA_HUMAN.H11MO.0.A,AWNTATTKCRCAATM,0.000233352,True,False
1246_n1246,FOXC1_forkhead_1,MMMYAAATAAAWWAA,0.0308745,True,False
238_n481,ANDR_HUMAN.H11MO.0.A,GTAAACARDNNNDND,0.0177993,True,False
1828_n364,Zfp652.mouse_C2H2_1,RHTTACCCTCTBDDD,0.0437401,True,False
2016_n1041,EWSR1-FLI1_MA0149.1,TCTTTCTTTCTTTCT,0.013238,True,False
553_n2622,U2AF2,DNNNNNNNRRGGVAAAAW,0.0114313,False,True
820_n2341,SOX10_HUMAN.H11MO.0.B,CAATGGVNHYHTTND,8.71739e-05,True,False
453_n2142,GFI1B_HUMAN.H11MO.0.A,DNNAYAAATCACAGH,0.0359703,True,False
2052_n1959,ZNF24_MA1124.1,TGAATGAATGAATGA,5.6777e-11,True,False
980_n1229,ZN121_HUMAN.H11MO.0.C,ACTCTGTTGCCCAGG,0.000170809,True,False
38_n263,BC11A_HUMAN.H11MO.0.A,DWYYCACTTCCTSTT,9.25184e-05,True,False
779_n794,Z354A_HUMAN.H11MO.0.C,DANCCATTTAAMTKB,0.030122,True,False
2068_n2842,PCBP2,TYYCTTCCYYCCTDM,0.00199739,False,True
1468_n1684,Z324A_HUMAN.H11MO.0.C,NNBCHRGCCATCCTT,1.53799e-05,True,False
443_n2533,NANOG_HUMAN.H11MO.0.A,YHWDWVWTATGCAAA,0.013291,True,False
893_n1385,Tp53.mouse_p53l_1,WNNNDDRAACATGTG,0.0105788,True,False
296_n1615,ERR1_HUMAN.H11MO.0.A,NNNARAGGTCAKMVDBND,1.87757e-06,True,False
459_n2596,COT1_HUMAN.H11MO.0.C,NRRGAGGTCAAGRVW,0.0113684,True,False
1924_n296,COT1_HUMAN.H11MO.0.C,DRRDNYKKNRRGSCA,0.0179295,True,False
221_n1452,BC11A_HUMAN.H11MO.0.A,CAATTTSACTTCCTC,0.033027,True,False
1226_n2015,LEF1_HUMAN.H11MO.0.A,CCCTTYYYHHNNNNNNNN,0.0336244,True,False
1777_n2630,RFX5_HUMAN.H11MO.0.A,RRCTGTTRCYGGYDR,0.0148866,True,False
726_n1827,CTCFL_HUMAN.H11MO.0.A,GCCMYCTNCTGGYNN,0.000112025,True,False
206_n1205,EHF_HUMAN.H11MO.0.B,NDCAGGAAATRVNDN,0.00443236,True,False
602_n1777,ZBT7A_HUMAN.H11MO.0.A,RGNKKGGCCCCYYNR,0.00652511,True,False
591_n1711,ZNF384_MA1125.1,HYHYWBBYTTTTTTTTTT,0.00361876,True,False
791_n2519,RBM8A,BGYGYGYGYGCGCRY,0.029328,False,True
624_n492,ALX3_MA0634.1,CTAATTAGVANBHDD,0.0482412,True,False
727_n2603,EOMES_MA0800.1,HWNWRAWGTGTGAAA,0.000581528,True,False
1951_n1966,ZNF384_MA1125.1,AAAAAAAAAAAAAGS,0.00851313,True,False
1561_n1732,Zfp652.mouse_C2H2_1,ADHHMAGGGTTHANA,0.00748649,True,False
1088_n1802,EWSR1-FLI1_MA0149.1,TTCTTTCTTTCTTTC,0.000213887,True,False
1386_n126,ANDR_HUMAN.H11MO.0.A,NHYWRARTGTTTCY,0.0351568,True,False
1844_n2234,ZN554_HUMAN.H11MO.0.C,CARGTDNNRDNNNNN,0.0198511,True,False
392_n719,LEF1_HUMAN.H11MO.0.A,DHNNNDNNDDYYHRARGK,0.0269328,True,False
860_n1318,EGR1_HUMAN.H11MO.0.A,NNHNNNNKKGGGGGGGGG,0.00186983,True,False
642_n1151,ZNF24_MA1124.1,NHWDNTGAATGAAT,0.00498464,True,False
2064_n1650,EWSR1-FLI1_MA0149.1,AGAAAGAAAGAAAGA,0.0135312,True,False
1594_n2292,ZFP28_HUMAN.H11MO.0.C,ASAASAASAASAASA,0.0472716,True,False
408_n259,TEAD1_HUMAN.H11MO.0.A,GGAATGYARNNNNDN,0.0106748,True,False
1370_n2422,NFAC1_HUMAN.H11MO.0.B,ATGGAAARRCATTCC,0.00263722,True,False
1806_n1036,SOX9_HMG_3,ATCTCAGCACTTTGG,0.0335132,True,False
263_n2896,HNF4A_HUMAN.H11MO.0.A,NHNTGGACTTTGVAC,5.18953e-05,True,False
1839_n205,ZNF384_MA1125.1,TATATTTTYTYHBNN,0.0410626,True,False
285_n2219,SCRT1_C2H2_1,DDCTCACCTG,0.0124634,True,False
186_n2576,IRF2_MA0051.1,AAAVTGAAASTRDNH,1.71895e-06,True,False
1058_n32,TYY1_HUMAN.H11MO.0.A,GCCATGTTKGTDTGC,0.0221066,True,False
2006_n654,BC11A_HUMAN.H11MO.0.A,AGGAAGGAAGRAAVH,0.0485173,True,False
690_n426,Ddit3+Cebpa_MA0019.1,AMHADNATTGCA,0.0135222,True,False
1554_n2819,EMX1_homeodomain_2,HWAATTAGGTAATKD,0.0490446,True,False
2055_n2399,HAND1_MOUSE.H11MO.0.C,WDNYCWGMAHT,0.036588,True,False
1014_n2546,AP2A_HUMAN.H11MO.0.A,HTGSCCTCWGGSHWT,5.38547e-10,True,False
538_n2771,HNF4A_HUMAN.H11MO.0.A,GACTTTGRVCYNWDN,3.83854e-05,True,False
382_n2532,NR2F1_nuclearreceptor_2,CGGATCACGAGGTCA,0.00640604,True,False
423_n2280,SOX5_HUMAN.H11MO.0.C,TYBCATTGTTYWVHW,0.0482732,True,False
291_n1879,SPI1_ETS_1,AGAGGAAGTCAAATT,0.0173932,True,False
975_n2087,GLI1_MOUSE.H11MO.0.C,GRCCCCMCASMGRGG,0.0284839,True,False
1193_n2740,SOX10_HMG_4,GYGCATGCCTGTAAT,0.0369181,True,False
502_n193,PRDM1_C2H2_1,TTCABTTTBNN,0.00199571,True,False
2098_n317,EWSR1-FLI1_MA0149.1,TTCTTTCTTTCYTTC,0.0164845,True,False
302_n2122,MEOX2_homeodomain_3,TCATCATCATCATCA,0.00112855,True,False
998_n2424,RBPJ_MA1116.1,TGGGAATTKHADTTN,0.00239013,True,False
363_n2198,RFX1_HUMAN.H11MO.0.B,GTTDCCATGGMAACM,3.32044e-06,True,False
1762_n380,ZNF384_MA1125.1,TTTTTTTTTTTTTTTDDW,2.56054e-05,True,False
176_n2096,NFIA_MA0670.1,DNRNWYTTGGMWBND,0.000596535,True,False
1077_n2174,A2BP1,TWAWGCATGCTTHD,0.0367378,False,True
605_n144,ZNF384_MA1125.1,TCTCAAAAAAAAAAA,0.023458,True,False
211_n1793,TEAD1_HUMAN.H11MO.0.A,NNYYRCATTCCWBWS,0.000467133,True,False
944_n839,Arid5a_MA0602.1,AATAATRGSAGAHWT,0.0310116,True,False
295_n822,Atoh1.mouse_bHLH_1,CCATATGGTHH,0.00142877,True,False
1998_n1635,ZNF384_MA1125.1,TTTTTTTTKRRRMMRRRK,1.75905e-05,True,False
575_n1592,ERR1_HUMAN.H11MO.0.A,GAGGTCAYYNDNND,0.000326272,True,False
1669_n2530,IRF2_MA0051.1,RAAATTAAAGYWWWW,0.0434544,True,False
597_n2937,NFAC1_MOUSE.H11MO.0.A,HHNWARTDTTTTCCA,0.000140826,True,False
265_n2582,EHF_HUMAN.H11MO.0.B,DDSWCAGGAAATG,0.0128048,True,False
629_n1974,NFAC1_HUMAN.H11MO.0.B,ATGGATAAWBHHDNN,0.000947135,True,False
1910_n1231,Z354A_HUMAN.H11MO.0.C,THAACCYTTTTTYTT,0.0181716,True,False
377_n2060,ARNTL_bHLH_1,DRTCACGTG,0.00329961,True,False
790_n1664,RBM8A,CGCGCGSMGCS,0.021664,False,True
604_n850,FOXC1_forkhead_1,NNAMAAAAACAAACA,0.0020552,True,False
2003_n2439,SOX10_HUMAN.H11MO.0.B,HNCCATTGTTT,0.000188368,True,False
518_n1137,CUX1_CUT_2,VANNRTATTGATT,0.0262756,True,False
96_n2152,Atoh1.mouse_bHLH_1,WNNNDDACCATMTGK,0.000143026,True,False
2029_n1783,AIRE_HUMAN.H11MO.0.C,WTTTWNDDNNYTKKKDWD,0.0344698,True,False
1419_n573,RFX1_HUMAN.H11MO.0.B,CAGTTTCCATGKADW,0.0216966,True,False
1757_n2873,ANDR_HUMAN.H11MO.0.A,DNNNTKGYTGBTTGY,0.00535107,True,False
1399_n1666,ZNF384_MA1125.1,TTTTTTTTTTTTTTYTTT,0.00263139,True,False
326_n710,CUX2_MOUSE.H11MO.0.C,MWDTATTGATTTKTN,0.0114889,True,False
338_n412,ERR1_HUMAN.H11MO.0.A,AGGTAAVHHNNNNNNNNN,0.0351345,True,False
473_n2660,ALX3_MA0634.1,WVYTAATTWAYWTKN,0.03174,True,False
854_n2557,SOX10_HUMAN.H11MO.0.B,AWWNHWDNHNKVCWT,0.0401103,True,False
1229_n1094,Arid5a_MA0602.1,CAATATYMNDNWKTH,0.00163099,True,False
1046_n1491,Arid5a_MA0602.1,AATAAHTDHWNWDD,0.0384294,True,False
586_n2372,GFI1B_HUMAN.H11MO.0.A,DNNDCWSTGATTKGH,0.000553533,True,False
1854_n1039,MZF1_HUMAN.H11MO.0.B,NRRRVYYYAMMTCCC,0.00842395,True,False
762_n368,NFIA_NFI_1,NNWYTTGGCTCWND,0.0489919,True,False
1625_n853,GATA1+TAL1_MA0140.2,TTTTCWYWHHNNNNH,0.0106568,True,False
1776_n1485,OZF_HUMAN.H11MO.0.C,ATTTTTTATGGCTGC,0.0402656,True,False
2110_n213,NR2F1_nuclearreceptor_2,GAACTCCTGACCTCA,0.0436498,True,False
1458_n2835,NFAC1_HUMAN.H11MO.0.B,DNDDNNNTTTTYCCCCHT,0.010694,True,False
800_n1814,EOMES_MA0800.1,TNHWTWACA,0.0370414,True,False
1329_n2706,EGR1_HUMAN.H11MO.0.A,NVMCMCCACCCCCMV,0.0301837,True,False
613_n778,ANDR_MOUSE.H11MO.0.A,GWACADDATGTTCTN,9.98614e-06,True,False
465_n124,PABPC4,NNDDDTTTTTTTTTTTTT,0.0104967,False,True
1885_n2357,RALY,YYMAAAAAAAAAAAAAAA,0.00365653,False,True
1192_n2559,ZNF143_C2H2_1,CYRGGCATGGTGGCW,0.0220241,True,False
665_n979,ZNF524_C2H2_1,TCACTTGAACCCRGG,0.0132961,True,False
1599_n1255,GATA1+TAL1_MA0140.2,ATCTCWSWNNDDNNN,0.0176443,True,False
890_n69,NR4A2_nuclearreceptor_1,GTCARANDB,0.00125573,True,False
514_n1721,LEF1_HMG_1,NDGATMAAAGGGYHA,0.00704997,True,False
1983_n1834,ZNF384_MA1125.1,BBYTTKTTKTTKTCA,0.0331092,True,False
287_n893,ERR1_HUMAN.H11MO.0.A,RTGACCTTGRRHARD,3.0206e-06,True,False
510_n2663,HNF1A_HUMAN.H11MO.0.C,NHTDGTTAATNATTA,0.00010398,True,False
341_n886,KLF15_HUMAN.H11MO.0.A,KGGGGGGMDRDNDNNNNN,0.0142639,True,False
1925_n1868,U2AF2,WYTGRAARRAAAAAA,0.000265322,False,True
1729_n366,ELAVL2,NNNRSWATAAARAAA,0.03337,False,True
1846_n2054,EHF_HUMAN.H11MO.0.B,WYGACTTCCTNAHYT,0.034566,True,False
1961_n1517,NR2F1_nuclearreceptor_2,TGAACTCCTGACCTC,0.00469455,True,False
1170_n1764,GATA1+TAL1_MA0140.2,TATAWGGNWDWNDN,0.00195658,True,False
1234_n1518,Arid5a_MA0602.1,BNRYCTATTBDKRDW,0.0322847,True,False
451_n644,MZF1_HUMAN.H11MO.0.B,BBBNAAWYCCCCCANNNN,0.0444188,True,False
806_n1566,CRX_HUMAN.H11MO.0.B,SCNKTAATCCCAKYH,0.00221543,True,False
1233_n320,ZNF85_HUMAN.H11MO.0.C,TTACWTTAWNYWHWN,0.02455,True,False
1611_n798,NFATC1_NFAT_3,CATGGAARHYWDDNW,0.0413886,True,False
1996_n2756,ZNF384_MA1125.1,TTTTTTTTTTTTTTTDRR,0.0170476,True,False
611_n2917,KLF13_C2H2_1,DGGCCMCRCCCMBDN,0.0416522,True,False
1114_n2016,ZN121_HUMAN.H11MO.0.C,GCTCTGTCACCCAGG,0.048141,True,False
227_n1551,PRDM1_C2H2_1,DNWRAAARTGAAAST,1.09411e-05,True,False
428_n175,PEBB_HUMAN.H11MO.0.C,BDAAACCACAAWNHW,0.0477457,True,False
2074_n313,PABPC1,MHAAAARDAGAAAAA,0.0322232,False,True
1099_n1570,ATF4_HUMAN.H11MO.0.A,WTTGCATAAKDH,0.00504475,True,False
1484_n593,ZBT48_HUMAN.H11MO.0.C,MNDGRVAATCCCTGD,0.0204754,True,False
1101_n2044,GATA1+TAL1_MA0140.2,NWDDDNDTTRCAGAT,0.0197618,True,False
637_n2870,MZF1_HUMAN.H11MO.0.B,WRGGGAWWWNNNNNN,0.00193227,True,False
610_n615,MAFB_HUMAN.H11MO.0.B,GCTGASTHDKVMHWW,2.18115e-06,True,False
1200_n585,ZN250_HUMAN.H11MO.0.C,CARWAACCAAAACMR,0.00275607,True,False
1796_n64,ZIM3_HUMAN.H11MO.0.C,TTTGTGTTTTTWKTA,0.0117135,True,False
924_n187,EGR1_HUMAN.H11MO.0.A,MCDCCCACTCAKNHN,0.000392312,True,False
1505_n1451,OZF_HUMAN.H11MO.0.C,TTTTTTATGGCTGCA,0.000284456,True,False
1179_n2821,FOXC1_forkhead_1,CAAACAAACAAACAA,0.0169223,True,False
73_n988,ASCL1_HUMAN.H11MO.0.A,DDAMCAGCTGKTBHN,0.000197274,True,False
608_n2493,EWSR1-FLI1_MA0149.1,TTCCTTCCTTCCTTC,8.35899e-14,True,False
195_n2027,MEF2A_HUMAN.H11MO.0.A,DWKCTAWWWWTAGMW,0.00167697,True,False
1005_n2069,OZF_HUMAN.H11MO.0.C,ATATTATRCAGCCAT,0.00011981,True,False
547_n2371,LEF1_HMG_1,NYDDDCTTTGAWGTY,0.00143971,True,False
162_n904,SNAI2_C2H2_1,NNBBNYTCAGGTGA,0.0246065,True,False
150_n1117,ATF3_MOUSE.H11MO.0.A,DATGASTCATNBWN,0.018574,True,False
431_n2910,Dux_MA0611.1,CAATCAGMDNBMDNH,0.0269791,True,False
375_n1956,EHF_HUMAN.H11MO.0.B,NNNNNNHHNBCATTTCCT,0.00287457,True,False
275_n150,MEF2A_HUMAN.H11MO.0.A,WRWKCTATWTTTAG,0.000508232,True,False
209_n2099,ZN708_HUMAN.H11MO.0.C,DNDNNRAAASAGGAA,0.0059356,True,False
1401_n2534,SNRNP70,NNRNNRBWTCAA,0.0180314,False,True
359_n2160,MEIS1_MA0498.2,NDAVCTGTCADTYW,0.00396388,True,False
1805_n810,ZNF384_MA1125.1,NNDDDHNNAAAACAA,0.0334041,True,False
455_n2310,TEAD1_HUMAN.H11MO.0.A,RCATTCTTTDSADD,0.0328334,True,False
1299_n2080,ERR1_HUMAN.H11MO.0.A,MMAGGGCARWDNYNN,0.0365587,True,False
1864_n2689,EWSR1-FLI1_MA0149.1,GAAGGAAGGAAGGAA,3.89982e-14,True,False
1436_n2795,FOXC1_forkhead_1,DWWDNNCTAAATAAA,0.012108,True,False
1143_n2232,HNF4A_HUMAN.H11MO.0.A,HHNNNNWGKSCAAAG,0.00314742,True,False
